"x","y","dates"
55.5377183,-21.3893617,2018-12-11
55.51668,-21.4139683,2018-12-11
55.5048967,-21.4342883,2018-12-11
55.5042933,-21.442985,2018-12-11
55.5016267,-21.453405,2018-12-11
55.5048517,-21.4536933,2018-12-11
55.501485,-21.4606233,2018-12-11
55.4823867,-21.4580733,2018-12-11
55.4691383,-21.4564517,2018-12-11
55.470285,-21.4574483,2018-12-11
55.4508333,-21.4537633,2018-12-11
55.4186283,-21.4321217,2018-12-11
55.4102683,-21.4208117,2018-12-11
55.3877533,-21.405225,2018-12-11
55.36804,-21.3869317,2018-12-11
55.3546617,-21.3656183,2018-12-11
55.3571017,-21.35692,2018-12-11
55.3464217,-21.338875,2018-12-11
55.3389117,-21.3296167,2018-12-11
55.33154,-21.3322883,2018-12-11
55.3322433,-21.3331317,2018-12-11
55.332775,-21.3339783,2018-12-11
55.3379883,-21.3377333,2018-12-11
55.34876,-21.3419633,2018-12-11
55.3393417,-21.36717,2018-12-11
55.342865,-21.3640233,2018-12-11
55.3553383,-21.3655317,2018-12-11
55.38039,-21.3516833,2018-12-11
55.38503,-21.3584133,2018-12-11
55.3841667,-21.3828383,2018-12-11
55.40075,-21.3854217,2018-12-11
55.3967717,-21.386135,2018-12-11
55.39392,-21.3853517,2018-12-11
55.392305,-21.3842483,2018-12-11
55.3859083,-21.37772,2018-12-11
55.375015,-21.3713667,2018-12-11
55.3626783,-21.3696017,2018-12-11
55.3488567,-21.3706333,2018-12-11
55.3430767,-21.3739517,2018-12-11
55.34933,-21.3748733,2018-12-11
55.3564267,-21.387085,2018-12-11
55.37565,-21.3764,2018-12-11
55.4053533,-21.3607467,2018-12-11
55.4252233,-21.3571633,2018-12-11
55.424925,-21.3580633,2018-12-11
55.459585,-21.3658983,2018-12-11
55.5084283,-21.3668617,2018-12-11
55.185885,-21.6261533,2018-12-14
55.15133,-21.6512633,2018-12-14
55.1218333,-21.6735283,2018-12-14
55.1178233,-21.6783983,2018-12-14
55.1151967,-21.6820833,2018-12-14
55.1126533,-21.6861533,2018-12-14
55.10508,-21.6932617,2018-12-14
55.1040533,-21.695,2018-12-14
55.0682167,-21.737035,2018-12-14
55.0405917,-21.7597383,2018-12-15
55.0327017,-21.76423,2018-12-15
55.0303767,-21.7652033,2018-12-15
54.99065,-21.7996467,2018-12-15
54.9532317,-21.8331333,2018-12-15
54.9147217,-21.862365,2018-12-15
54.708715,-21.9396817,2018-12-15
54.6505617,-21.9603,2018-12-15
54.5920583,-21.9655167,2018-12-15
54.5335783,-21.9552917,2018-12-15
54.4755583,-21.9375617,2018-12-15
54.412725,-21.9241017,2018-12-15
54.3547667,-21.9009783,2018-12-15
54.3305267,-21.890965,2018-12-15
54.2594817,-21.8711417,2018-12-15
54.1935217,-21.8647433,2018-12-15
54.125805,-21.8434567,2018-12-15
54.1073083,-21.843335,2018-12-15
54.0849817,-21.8426933,2018-12-15
54.0278183,-21.8233733,2018-12-15
53.9632733,-21.8071867,2018-12-15
53.8984117,-21.7922883,2018-12-15
53.8746483,-21.7911067,2018-12-15
53.8736667,-21.786355,2018-12-15
53.884125,-21.7851017,2018-12-15
53.8816333,-21.7823833,2018-12-15
53.8809683,-21.7749583,2018-12-15
53.8834083,-21.7733567,2018-12-15
53.87444,-21.7681533,2018-12-15
53.87532,-21.76455,2018-12-15
53.8754517,-21.7621567,2018-12-15
53.8759867,-21.7612367,2018-12-15
53.8753383,-21.7610533,2018-12-15
53.8738633,-21.75699,2018-12-15
53.8732817,-21.75662,2018-12-15
53.8372283,-21.7686017,2018-12-15
53.7922417,-21.7709633,2018-12-15
53.791295,-21.7710167,2018-12-15
53.7582383,-21.7615383,2018-12-15
53.748725,-21.7589483,2018-12-15
53.6931033,-21.7572017,2018-12-15
53.642045,-21.7599483,2018-12-15
53.593725,-21.7661283,2018-12-15
53.58838,-21.7769367,2018-12-15
53.5879233,-21.7769817,2018-12-15
53.58965,-21.7803017,2018-12-15
53.59124,-21.780765,2018-12-15
53.5907333,-21.7801433,2018-12-15
53.5917283,-21.7796917,2018-12-15
53.5928917,-21.779955,2018-12-15
53.5926283,-21.7797517,2018-12-15
53.5941367,-21.7795117,2018-12-15
53.59534,-21.7793033,2018-12-15
53.5931233,-21.78489,2018-12-15
53.5934167,-21.7844567,2018-12-15
53.5936717,-21.78362,2018-12-15
53.594085,-21.7827967,2018-12-15
53.59444,-21.7816483,2018-12-15
53.5942967,-21.7807417,2018-12-15
53.5939133,-21.7795683,2018-12-15
53.5938067,-21.7788033,2018-12-15
53.593865,-21.7778417,2018-12-15
53.59376,-21.7767767,2018-12-15
53.5914117,-21.7982683,2018-12-15
53.592265,-21.7953167,2018-12-15
53.5830783,-21.8027867,2018-12-15
53.5650117,-21.80651,2018-12-15
53.565505,-21.8058367,2018-12-15
53.5659717,-21.8058033,2018-12-15
53.5667733,-21.805075,2018-12-15
53.5678767,-21.803775,2018-12-15
53.56921,-21.801975,2018-12-15
53.57054,-21.80017,2018-12-15
53.5720767,-21.7978367,2018-12-15
53.5722767,-21.79576,2018-12-15
53.57289,-21.7940317,2018-12-15
53.5733383,-21.7914417,2018-12-15
53.5737167,-21.7900767,2018-12-15
53.574195,-21.7883167,2018-12-15
53.5743867,-21.78696,2018-12-15
53.5750317,-21.7855183,2018-12-15
53.5753933,-21.78484,2018-12-15
53.5734533,-21.7843133,2018-12-15
53.5741383,-21.7830583,2018-12-15
53.55954,-21.79683,2018-12-15
53.5225033,-21.8287217,2018-12-15
53.4791583,-21.8601,2018-12-15
53.456575,-21.86286,2018-12-15
53.42982,-21.859855,2018-12-15
53.4240317,-21.8635233,2018-12-15
53.4219317,-21.86281,2018-12-15
53.4207833,-21.86135,2018-12-15
53.3984017,-21.83853,2018-12-15
53.396195,-21.8362283,2018-12-15
53.39477,-21.83394,2018-12-15
53.3929133,-21.8315167,2018-12-15
53.3906667,-21.82993,2018-12-15
53.3883133,-21.8276333,2018-12-15
53.3636733,-21.8217433,2018-12-16
53.361925,-21.8204333,2018-12-16
53.3356183,-21.8352333,2018-12-16
53.3039833,-21.8669733,2018-12-16
53.2728233,-21.8628217,2018-12-16
53.2532883,-21.81559,2018-12-16
53.2126383,-21.7691633,2018-12-16
53.2062583,-21.7784917,2018-12-16
53.2123967,-21.7760617,2018-12-16
53.2090717,-21.7878683,2018-12-16
53.2090433,-21.79118,2018-12-16
53.2063,-21.7969567,2018-12-16
53.1928617,-21.8101883,2018-12-16
53.1443217,-21.787355,2018-12-16
53.1193633,-21.78136,2018-12-16
53.1024217,-21.7834417,2018-12-16
53.0897883,-21.794455,2018-12-16
53.08398,-21.8070967,2018-12-16
53.078225,-21.8111833,2018-12-16
53.0670483,-21.818055,2018-12-16
53.0594217,-21.82709,2018-12-16
53.0480033,-21.83615,2018-12-16
53.0372967,-21.843775,2018-12-16
53.0319533,-21.8541083,2018-12-16
53.03063,-21.8540167,2018-12-16
53.029485,-21.8540333,2018-12-16
53.0280467,-21.8540133,2018-12-16
53.026445,-21.8541833,2018-12-16
53.0256783,-21.8544917,2018-12-16
53.0252233,-21.854665,2018-12-16
53.0248783,-21.854925,2018-12-16
53.0242333,-21.8548717,2018-12-16
53.0234267,-21.8548083,2018-12-16
53.0232083,-21.8546333,2018-12-16
53.0160067,-21.8665133,2018-12-16
53.0152133,-21.8669467,2018-12-16
53.014355,-21.867705,2018-12-16
53.0138483,-21.86841,2018-12-16
53.013395,-21.8681667,2018-12-16
53.0125783,-21.8688117,2018-12-16
53.0111317,-21.8702767,2018-12-16
52.9823867,-21.8813867,2018-12-16
52.9293383,-21.8678117,2018-12-16
52.9268083,-21.8674217,2018-12-16
52.9246217,-21.8664017,2018-12-16
52.8903833,-21.8482867,2018-12-16
52.8802117,-21.8350267,2018-12-16
52.8924883,-21.8465017,2018-12-16
52.90362,-21.8528483,2018-12-16
52.90882,-21.8622217,2018-12-16
52.9229,-21.8727,2018-12-16
52.9206833,-21.8729467,2018-12-16
52.91906,-21.8722317,2018-12-16
52.9169217,-21.87168,2018-12-16
52.9141617,-21.87214,2018-12-16
52.9123367,-21.8714883,2018-12-16
52.90986,-21.8710433,2018-12-16
52.9075167,-21.8705,2018-12-16
52.9052567,-21.8703417,2018-12-16
52.9029883,-21.869885,2018-12-16
52.9003733,-21.869705,2018-12-16
52.89699,-21.8707,2018-12-16
52.8500833,-21.8982183,2018-12-16
52.803685,-21.8654017,2018-12-16
52.7477933,-21.8675367,2018-12-16
52.69191,-21.8338833,2018-12-16
52.6379267,-21.8052133,2018-12-16
52.58903,-21.7672317,2018-12-16
52.5375117,-21.7796317,2018-12-16
52.4862867,-21.8165683,2018-12-16
52.45006,-21.84766,2018-12-16
52.44784,-21.84923,2018-12-16
52.4280867,-21.8682633,2018-12-16
52.4384217,-21.8850667,2018-12-16
52.4461733,-21.8900217,2018-12-16
52.44789,-21.9069083,2018-12-16
52.457185,-21.9105417,2018-12-16
52.4325467,-21.8935367,2018-12-16
52.4058533,-21.9330133,2018-12-16
52.4028817,-21.9343617,2018-12-16
52.3999767,-21.9346933,2018-12-16
52.3969533,-21.9356383,2018-12-16
52.39372,-21.9361483,2018-12-16
52.3908817,-21.937095,2018-12-16
52.3547017,-21.9715117,2018-12-16
52.3401117,-21.9834133,2018-12-16
52.3214133,-21.99988,2018-12-16
51.9815083,-22.2806183,2018-12-16
51.98003,-22.281325,2018-12-16
51.961855,-22.291925,2018-12-17
51.9380383,-22.3126233,2018-12-17
51.91579,-22.3326117,2018-12-17
51.91509,-22.3331167,2018-12-17
51.9137433,-22.33469,2018-12-17
51.8986717,-22.3630017,2018-12-17
51.8377667,-22.360245,2018-12-17
51.780785,-22.3410333,2018-12-17
51.71983,-22.35288,2018-12-17
51.6542333,-22.3676833,2018-12-17
51.6403867,-22.37808,2018-12-17
51.6461267,-22.3743767,2018-12-17
51.644635,-22.3911833,2018-12-17
51.65517,-22.3969167,2018-12-17
51.65471,-22.39706,2018-12-17
51.6521567,-22.4073183,2018-12-17
51.6429267,-22.4102017,2018-12-17
51.640265,-22.410225,2018-12-17
51.6387567,-22.4110183,2018-12-17
51.637435,-22.4117833,2018-12-17
51.636325,-22.4126517,2018-12-17
51.6342717,-22.4141583,2018-12-17
51.6328633,-22.415305,2018-12-17
51.6309767,-22.4163967,2018-12-17
51.62866,-22.4175367,2018-12-17
51.6272083,-22.41866,2018-12-17
51.62565,-22.4196133,2018-12-17
51.62406,-22.420495,2018-12-17
51.62261,-22.4219667,2018-12-17
51.6214867,-22.4227033,2018-12-17
51.6209,-22.4257783,2018-12-17
51.6195,-22.4292,2018-12-17
51.61941,-22.4288283,2018-12-17
51.6167517,-22.4303967,2018-12-17
51.6152033,-22.4317167,2018-12-17
51.6149167,-22.4337267,2018-12-17
51.612535,-22.43404,2018-12-17
51.611265,-22.43519,2018-12-17
51.6100967,-22.4363617,2018-12-17
51.607295,-22.4400883,2018-12-17
51.6062283,-22.4405383,2018-12-17
51.6049183,-22.4414883,2018-12-17
51.6036767,-22.4420183,2018-12-17
51.602495,-22.4431433,2018-12-17
51.600945,-22.4443183,2018-12-17
51.599775,-22.444945,2018-12-17
51.5977267,-22.44524,2018-12-17
51.59661,-22.446975,2018-12-17
51.5697117,-22.4641933,2018-12-17
51.5492033,-22.46963,2018-12-17
51.540745,-22.4689,2018-12-17
51.5378433,-22.47004,2018-12-17
51.5224833,-22.4621833,2018-12-17
51.5209083,-22.4630917,2018-12-17
51.5252483,-22.4420633,2018-12-17
51.523855,-22.4441317,2018-12-17
51.5227817,-22.4453167,2018-12-17
51.51217,-22.4391717,2018-12-17
51.5008067,-22.43453,2018-12-17
51.5072033,-22.44607,2018-12-17
51.5021483,-22.490405,2018-12-17
51.4803033,-22.5235783,2018-12-17
51.4611983,-22.5486683,2018-12-17
51.4776083,-22.5573783,2018-12-17
51.4781817,-22.5609633,2018-12-17
51.47066,-22.5539633,2018-12-17
51.4660967,-22.5546633,2018-12-17
51.4535433,-22.56323,2018-12-17
51.4566067,-22.56857,2018-12-17
51.4437783,-22.5738717,2018-12-17
51.4313517,-22.5833217,2018-12-17
51.4183283,-22.5854317,2018-12-17
51.4068933,-22.5945517,2018-12-17
51.3924933,-22.601895,2018-12-17
51.3811533,-22.5858917,2018-12-17
51.3767533,-22.5766067,2018-12-17
51.3774717,-22.5697,2018-12-17
51.376655,-22.5583183,2018-12-17
51.378545,-22.5468417,2018-12-17
51.371105,-22.5327617,2018-12-17
51.3672933,-22.5166467,2018-12-17
51.3661267,-22.5032817,2018-12-17
51.378575,-22.5017133,2018-12-17
51.37508,-22.5008733,2018-12-17
51.3718267,-22.50186,2018-12-17
51.36903,-22.50312,2018-12-17
51.3664817,-22.503915,2018-12-17
51.3638117,-22.5045017,2018-12-17
51.3610633,-22.5052667,2018-12-17
51.358,-22.505525,2018-12-17
51.3553583,-22.5061883,2018-12-17
51.3525033,-22.5076083,2018-12-17
51.3496767,-22.5085883,2018-12-17
51.3471267,-22.5096383,2018-12-17
51.333925,-22.5133633,2018-12-17
51.30693,-22.5305567,2018-12-17
51.28384,-22.5509317,2018-12-17
51.2588817,-22.5692,2018-12-17
51.241245,-22.58639,2018-12-17
51.217395,-22.5994883,2018-12-17
51.1955967,-22.6009383,2018-12-17
51.1741017,-22.6078767,2018-12-17
51.1565183,-22.6249267,2018-12-17
51.1358067,-22.6431283,2018-12-17
51.11401,-22.6633583,2018-12-17
51.091815,-22.6812767,2018-12-17
51.0796083,-22.68818,2018-12-17
51.0769483,-22.6899,2018-12-17
51.074625,-22.6910983,2018-12-17
51.07201,-22.6918133,2018-12-17
51.0696933,-22.6927783,2018-12-17
51.0671667,-22.6937367,2018-12-17
51.0647133,-22.6948133,2018-12-17
51.0624983,-22.6973517,2018-12-17
51.0602067,-22.6986333,2018-12-17
51.0569083,-22.70162,2018-12-17
50.8291483,-22.7180233,2018-12-18
50.77686,-22.7064567,2018-12-18
50.759665,-22.710035,2018-12-18
50.69304,-22.7246383,2018-12-18
50.6866983,-22.7287467,2018-12-18
50.6776167,-22.73201,2018-12-18
50.672265,-22.7372283,2018-12-18
50.6616133,-22.7393883,2018-12-18
50.6565983,-22.7450567,2018-12-18
50.6479833,-22.7484467,2018-12-18
50.63924,-22.7538433,2018-12-18
50.6280767,-22.7613267,2018-12-18
50.6198133,-22.7640017,2018-12-18
50.61032,-22.77,2018-12-18
50.6052767,-22.7749083,2018-12-18
50.5980367,-22.7817783,2018-12-18
50.587005,-22.7870683,2018-12-18
50.5843567,-22.7895217,2018-12-18
50.5677133,-22.7953017,2018-12-18
50.5651817,-22.7971667,2018-12-18
50.5525,-22.7999133,2018-12-18
50.5473117,-22.8010317,2018-12-18
50.53958,-22.8063167,2018-12-18
50.535335,-22.808335,2018-12-18
50.5291217,-22.8064967,2018-12-18
50.52724,-22.8071933,2018-12-18
50.5251883,-22.8080217,2018-12-18
50.523375,-22.8094967,2018-12-18
50.522165,-22.8113,2018-12-18
50.5008267,-22.82387,2018-12-18
50.4557617,-22.845525,2018-12-18
50.42599,-22.84875,2018-12-18
50.4242183,-22.849085,2018-12-18
50.42225,-22.8494217,2018-12-18
50.4201433,-22.8495067,2018-12-18
50.4184067,-22.8499067,2018-12-18
50.41501,-22.8547,2018-12-18
50.4131567,-22.85518,2018-12-18
50.4112933,-22.8558867,2018-12-18
50.4094667,-22.8565867,2018-12-18
50.4027383,-22.84947,2018-12-18
50.4056867,-22.8528867,2018-12-18
50.4037,-22.85398,2018-12-18
50.4022017,-22.85467,2018-12-18
50.3756333,-22.869725,2018-12-18
50.3250867,-22.904685,2018-12-18
50.3119917,-22.9444533,2018-12-18
50.3147067,-22.9463033,2018-12-18
50.3143317,-22.9532983,2018-12-18
50.3102117,-22.9582483,2018-12-18
50.3055833,-22.9629133,2018-12-18
50.3052033,-22.9698567,2018-12-18
50.299895,-22.9708383,2018-12-18
50.2957,-22.975455,2018-12-18
50.29444,-22.9806983,2018-12-18
50.294,-22.9799683,2018-12-18
50.289055,-22.985815,2018-12-18
50.279695,-23.003235,2018-12-18
50.2428383,-23.0351233,2018-12-18
50.2308717,-23.01469,2018-12-18
50.218195,-23.02336,2018-12-18
50.2179467,-23.0236817,2018-12-18
50.2177667,-23.0254833,2018-12-18
50.216625,-23.0260967,2018-12-18
50.21535,-23.026115,2018-12-18
50.2139,-23.0269533,2018-12-18
50.2124233,-23.0272117,2018-12-18
50.2108083,-23.027905,2018-12-18
50.2094217,-23.028535,2018-12-18
50.20803,-23.02824,2018-12-18
50.204305,-23.03444,2018-12-18
50.198175,-23.0429917,2018-12-18
50.1956033,-23.044635,2018-12-18
50.1936433,-23.044425,2018-12-18
50.190585,-23.04653,2018-12-18
50.1883567,-23.04735,2018-12-18
50.1858983,-23.0488383,2018-12-18
50.1829117,-23.049435,2018-12-18
50.181405,-23.050095,2018-12-18
50.1773833,-23.05293,2018-12-18
50.1515217,-23.0967117,2018-12-18
50.0467533,-23.2766117,2018-12-18
50.0241917,-23.3218217,2018-12-18
49.7873183,-23.4774833,2018-12-19
49.73628,-23.505835,2018-12-19
49.6759167,-23.4884183,2018-12-19
49.6118183,-23.47658,2018-12-19
49.56249,-23.50564,2018-12-19
49.54241,-23.55128,2018-12-19
49.5155917,-23.60123,2018-12-19
49.516255,-23.6409867,2018-12-19
49.5166733,-23.6426483,2018-12-19
49.5270817,-23.6504367,2018-12-19
49.5264,-23.6480667,2018-12-19
49.5239633,-23.6483817,2018-12-19
49.53429,-23.63987,2018-12-19
49.5340417,-23.6434617,2018-12-19
49.554405,-23.679115,2018-12-19
49.5588567,-23.6837967,2018-12-19
49.5757233,-23.68828,2018-12-19
49.5751417,-23.6779383,2018-12-19
49.601815,-23.6957417,2018-12-19
49.6079633,-23.6811933,2018-12-19
49.592515,-23.64441,2018-12-19
49.589135,-23.6242083,2018-12-19
49.5835117,-23.5906867,2018-12-19
49.583905,-23.594235,2018-12-19
49.5878217,-23.6025733,2018-12-19
49.5872417,-23.6093133,2018-12-19
49.59078,-23.6129367,2018-12-19
49.5968583,-23.6214283,2018-12-19
49.5969167,-23.62319,2018-12-19
49.6000483,-23.6333733,2018-12-19
49.599645,-23.63515,2018-12-19
49.599855,-23.6362033,2018-12-19
49.5999767,-23.638035,2018-12-19
49.5999583,-23.6390517,2018-12-19
49.5996467,-23.6389367,2018-12-19
49.5994283,-23.64153,2018-12-19
49.599595,-23.64287,2018-12-19
49.5998683,-23.6442583,2018-12-19
49.5918033,-23.6455717,2018-12-19
49.5896433,-23.6471383,2018-12-19
49.5884883,-23.6611517,2018-12-19
49.587995,-23.6623167,2018-12-19
49.5872067,-23.6643933,2018-12-19
49.5869533,-23.665735,2018-12-19
49.58661,-23.6673333,2018-12-19
49.586005,-23.66941,2018-12-19
49.5852733,-23.6712133,2018-12-19
49.583815,-23.6730433,2018-12-19
49.58321,-23.6748817,2018-12-19
49.582605,-23.676685,2018-12-19
49.5822017,-23.6778233,2018-12-19
49.5803467,-23.6754817,2018-12-19
49.5800983,-23.6776483,2018-12-19
49.5790733,-23.67933,2018-12-19
49.55854,-23.65644,2018-12-19
49.5584633,-23.6583533,2018-12-19
49.5362683,-23.6531017,2018-12-19
49.5447633,-23.656025,2018-12-19
49.5450717,-23.6577983,2018-12-19
49.53145,-23.6482167,2018-12-19
49.5005567,-23.6612283,2018-12-19
49.480975,-23.6873717,2018-12-19
49.47807,-23.68968,2018-12-19
49.478255,-23.69211,2018-12-19
49.4838867,-23.712305,2018-12-19
49.4836367,-23.7229583,2018-12-19
49.50297,-23.712935,2018-12-19
49.5113117,-23.7100233,2018-12-19
49.501785,-23.7071883,2018-12-19
49.4643567,-23.694785,2018-12-19
49.4406067,-23.672045,2018-12-19
49.4430983,-23.6482783,2018-12-19
49.447965,-23.6384567,2018-12-19
49.402885,-23.6213083,2018-12-19
49.394745,-23.6263017,2018-12-19
49.3931983,-23.62944,2018-12-19
49.3902817,-23.62853,2018-12-19
49.39584,-23.6310217,2018-12-19
49.3778533,-23.6222267,2018-12-19
49.37964,-23.6375633,2018-12-19
49.3590133,-23.6385433,2018-12-19
49.3667433,-23.6701267,2018-12-19
49.3545983,-23.6802417,2018-12-19
49.3508733,-23.6943217,2018-12-19
49.3500617,-23.7171283,2018-12-19
49.3344817,-23.7220217,2018-12-19
49.3323667,-23.7362367,2018-12-19
49.3418433,-23.7503167,2018-12-19
49.3555517,-23.774515,2018-12-19
49.3634233,-23.7904083,2018-12-19
49.3698067,-23.8199367,2018-12-19
49.3674967,-23.827245,2018-12-19
49.3375483,-23.9388967,2018-12-20
49.3376767,-23.9373417,2018-12-20
49.3384033,-23.932265,2018-12-20
49.3383733,-23.9343517,2018-12-20
49.3350583,-23.93382,2018-12-20
49.3350983,-23.934515,2018-12-20
49.3342883,-23.9301333,2018-12-20
49.322405,-23.9075467,2018-12-20
49.3129367,-23.8896717,2018-12-20
49.310075,-23.8679833,2018-12-20
49.29563,-23.8397283,2018-12-20
49.274375,-23.8068217,2018-12-20
49.2758317,-23.7998233,2018-12-20
49.2945617,-23.7924083,2018-12-20
49.2862,-23.790045,2018-12-20
49.2812683,-23.7931617,2018-12-20
49.2879117,-23.818175,2018-12-20
49.2918767,-23.8264333,2018-12-20
49.3011133,-23.8631067,2018-12-20
49.3019983,-23.8661317,2018-12-20
49.30039,-23.866525,2018-12-20
49.29991,-23.8670133,2018-12-20
49.2990367,-23.8676383,2018-12-20
49.2982683,-23.8684967,2018-12-20
49.2975783,-23.8691417,2018-12-20
49.2971667,-23.8704833,2018-12-20
49.2963617,-23.8712967,2018-12-20
49.2952733,-23.8725217,2018-12-20
49.2933267,-23.8750783,2018-12-20
49.2927917,-23.8766367,2018-12-20
49.2916167,-23.8780783,2018-12-20
49.29062,-23.8793617,2018-12-20
49.29003,-23.88003,2018-12-20
49.2890133,-23.8815883,2018-12-20
49.2878167,-23.8829267,2018-12-20
49.2865917,-23.883935,2018-12-20
49.2853017,-23.8859817,2018-12-20
49.28416,-23.88759,2018-12-20
49.28292,-23.889625,2018-12-20
49.2816967,-23.891895,2018-12-20
49.2805433,-23.8936217,2018-12-20
49.2794167,-23.8952633,2018-12-20
49.2785067,-23.89738,2018-12-20
49.2770917,-23.899505,2018-12-20
49.275595,-23.9015767,2018-12-20
49.2739317,-23.9026117,2018-12-20
49.2737583,-23.905555,2018-12-20
49.2728117,-23.9078667,2018-12-20
49.27125,-23.9097333,2018-12-20
49.2716817,-23.9121033,2018-12-20
49.27405,-23.9185733,2018-12-20
49.2742883,-23.9198017,2018-12-20
49.2731283,-23.920735,2018-12-20
49.2728867,-23.9237083,2018-12-20
49.2725017,-23.9260233,2018-12-20
49.2729917,-23.928755,2018-12-20
49.2723383,-23.93082,2018-12-20
49.2719883,-23.9334533,2018-12-20
49.2719717,-23.936205,2018-12-20
49.2723883,-23.93937,2018-12-20
49.2740267,-23.9418633,2018-12-20
49.2742933,-23.9443117,2018-12-20
49.2746017,-23.9470183,2018-12-20
49.255975,-23.9507083,2018-12-20
49.2006033,-23.9531933,2018-12-20
49.1823933,-23.9610617,2018-12-20
49.148885,-23.9568383,2018-12-20
49.1569533,-23.9481683,2018-12-20
49.1376617,-23.9331483,2018-12-20
49.086525,-23.9258267,2018-12-20
49.0368283,-23.9421367,2018-12-20
48.9860517,-23.9471533,2018-12-20
48.9348017,-23.9387917,2018-12-20
48.88456,-23.9354917,2018-12-20
48.8237933,-23.9391917,2018-12-20
48.7616433,-23.9443383,2018-12-20
48.7086967,-23.9524617,2018-12-20
48.654745,-23.9729583,2018-12-20
48.5943833,-23.966045,2018-12-20
48.5314317,-24.6524233,2018-12-20
48.5032883,-25.18898,2018-12-21
48.5187983,-25.1800317,2018-12-21
48.5268017,-25.1746533,2018-12-21
48.5351833,-25.17242,2018-12-21
48.5436667,-25.165985,2018-12-21
48.5842667,-25.1360983,2018-12-21
48.6042033,-25.1327017,2018-12-21
48.6185417,-25.1277617,2018-12-21
48.624565,-25.1258733,2018-12-21
48.6181433,-25.1266033,2018-12-21
48.6069133,-25.1350333,2018-12-21
48.59494,-25.14956,2018-12-21
48.5786783,-25.1509133,2018-12-21
48.5635117,-25.1459817,2018-12-21
48.547415,-25.1328133,2018-12-21
48.6509433,-25.2737217,2018-12-21
48.638895,-25.26551,2018-12-21
48.62914,-25.2839667,2018-12-21
48.6290833,-25.2977733,2018-12-21
48.6302233,-25.297525,2018-12-21
48.6214133,-25.309395,2018-12-21
48.61517,-25.3260117,2018-12-21
48.6111967,-25.3424283,2018-12-21
48.5994217,-25.3529833,2018-12-21
48.5780167,-25.3644817,2018-12-21
48.58106,-25.3781817,2018-12-21
48.57688,-25.3791383,2018-12-21
48.571995,-25.383955,2018-12-21
48.553895,-25.388745,2018-12-21
48.53921,-25.3913733,2018-12-21
48.5254583,-25.394965,2018-12-21
48.5235567,-25.3961833,2018-12-21
48.5163783,-25.3983183,2018-12-21
48.5047633,-25.40605,2018-12-21
48.49326,-25.4069417,2018-12-21
48.494755,-25.4014383,2018-12-21
48.49169,-25.4056133,2018-12-21
48.49552,-25.4015267,2018-12-21
48.4967267,-25.404575,2018-12-21
48.49666,-25.408345,2018-12-21
48.5015683,-25.4052917,2018-12-21
48.5002567,-25.4026883,2018-12-21
48.49695,-25.4008317,2018-12-21
48.500895,-25.392625,2018-12-21
48.53496,-25.3367417,2018-12-21
48.533105,-25.330115,2018-12-21
48.517675,-25.3218567,2018-12-21
48.5119617,-25.3126283,2018-12-21
48.49739,-25.3036533,2018-12-21
48.480365,-25.2961517,2018-12-21
48.4679383,-25.28265,2018-12-21
48.4445683,-25.277735,2018-12-21
48.4331817,-25.269715,2018-12-21
48.4197633,-25.2668017,2018-12-21
48.404685,-25.2585933,2018-12-21
48.4024717,-25.249115,2018-12-21
48.3918467,-25.2476133,2018-12-21
48.400485,-25.237045,2018-12-21
48.40551,-25.2300817,2018-12-21
48.4120567,-25.21491,2018-12-21
48.393845,-25.2110283,2018-12-22
48.3947317,-25.2045183,2018-12-22
48.3896933,-25.1939983,2018-12-22
48.40207,-25.1780367,2018-12-22
48.4040583,-25.1660517,2018-12-22
48.4135817,-25.1569533,2018-12-22
48.4177367,-25.14437,2018-12-22
48.4193683,-25.1277333,2018-12-22
48.4255467,-25.1191517,2018-12-22
48.4295767,-25.1105083,2018-12-22
48.4384967,-25.1109833,2018-12-22
48.4503567,-25.1221317,2018-12-22
48.4363933,-25.1365567,2018-12-22
48.4532933,-25.1119017,2018-12-22
48.4666583,-25.1216667,2018-12-22
48.479385,-25.1340383,2018-12-22
48.4861617,-25.1382617,2018-12-22
48.487045,-25.1485067,2018-12-22
48.6618917,-24.9283733,2018-12-22
48.65964,-24.9214283,2018-12-22
48.6609467,-24.9178217,2018-12-22
48.6637917,-24.9158233,2018-12-22
48.6775733,-24.9244733,2018-12-22
48.700755,-24.9289567,2018-12-22
48.7165333,-24.93382,2018-12-22
48.73575,-24.9402533,2018-12-22
48.7552283,-24.9420433,2018-12-22
48.7855,-24.938825,2018-12-22
48.7797383,-24.9343833,2018-12-22
48.77652,-24.939405,2018-12-22
48.8017933,-24.9426617,2018-12-22
48.8326517,-24.9449433,2018-12-22
48.842345,-24.943345,2018-12-22
48.8494383,-24.9409867,2018-12-22
48.861235,-24.9371233,2018-12-22
48.887865,-24.9404267,2018-12-22
48.922155,-24.9395417,2018-12-22
48.936935,-24.9481483,2018-12-22
48.9457633,-24.9586233,2018-12-22
48.9325967,-24.981265,2018-12-22
48.918475,-24.995505,2018-12-22
48.9104833,-24.983415,2018-12-22
48.9123767,-24.979785,2018-12-22
48.9299133,-24.968965,2018-12-22
48.9474317,-24.9669567,2018-12-22
48.9599267,-24.9649883,2018-12-22
48.96208,-24.9695217,2018-12-22
48.96143,-24.9704033,2018-12-22
48.959535,-24.9709117,2018-12-22
48.95321,-24.9769083,2018-12-22
48.941865,-24.9795933,2018-12-22
48.94754,-24.9778017,2018-12-22
48.947485,-24.97473,2018-12-22
48.9518533,-24.9807483,2018-12-22
48.9580167,-24.9760283,2018-12-22
48.9668833,-24.96956,2018-12-22
48.9862183,-24.96005,2018-12-22
49.0110433,-24.9527167,2018-12-22
49.0239083,-24.9592733,2018-12-22
49.0519,-24.9555833,2018-12-22
49.0672883,-24.96462,2018-12-22
49.054745,-24.96591,2018-12-22
49.0406133,-24.9564783,2018-12-22
49.041085,-24.93398,2018-12-22
49.0558367,-24.92379,2018-12-22
49.0627917,-24.9208783,2018-12-22
49.069495,-24.9191,2018-12-22
49.0758433,-24.9165767,2018-12-22
49.0820483,-24.91409,2018-12-22
49.09184,-24.91157,2018-12-22
49.09839,-24.9089383,2018-12-22
49.1060767,-24.9083417,2018-12-22
49.1125867,-24.904985,2018-12-22
49.119515,-24.90297,2018-12-22
49.1260817,-24.9009017,2018-12-22
49.1318667,-24.9053183,2018-12-22
49.1498583,-24.9130867,2018-12-22
49.16928,-24.9169233,2018-12-22
49.1915467,-24.915575,2018-12-22
49.222815,-24.9117533,2018-12-22
49.2530817,-24.9070233,2018-12-22
49.283925,-24.9054967,2018-12-22
49.308655,-24.910075,2018-12-22
49.31026,-24.9207183,2018-12-22
49.3145467,-24.9356917,2018-12-22
49.3318483,-24.9418167,2018-12-22
49.346655,-24.9444117,2018-12-22
49.3646583,-24.9487117,2018-12-22
49.3751183,-24.9524017,2018-12-22
49.3788033,-24.9604167,2018-12-22
49.3801417,-24.9669367,2018-12-22
49.394535,-24.9700533,2018-12-22
49.4018133,-24.976985,2018-12-22
49.418795,-24.9794117,2018-12-22
49.4297033,-24.98563,2018-12-22
49.4357283,-24.994415,2018-12-22
49.444405,-25.0009633,2018-12-22
49.4515467,-25.0090467,2018-12-22
49.4657283,-25.01299,2018-12-22
49.4738267,-25.0232783,2018-12-22
49.4784117,-25.026355,2018-12-22
49.4794517,-25.02867,2018-12-22
49.4854617,-25.0271167,2018-12-22
49.47995,-25.0305383,2018-12-22
49.48765,-25.0318583,2018-12-22
49.4874567,-25.0391267,2018-12-22
49.4903017,-25.043955,2018-12-22
49.4887867,-25.0476367,2018-12-22
49.5038283,-25.04497,2018-12-22
49.5154633,-25.0441017,2018-12-22
49.5271033,-25.0443483,2018-12-22
49.525835,-25.04984,2018-12-22
49.52847,-25.0586017,2018-12-22
49.533155,-25.062465,2018-12-22
49.5385083,-25.0690367,2018-12-22
49.551135,-25.073895,2018-12-22
49.5508717,-25.07614,2018-12-22
49.55034,-25.0751583,2018-12-22
49.5522417,-25.0707767,2018-12-22
49.553055,-25.0690833,2018-12-22
49.5533483,-25.0745317,2018-12-22
49.5541067,-25.072505,2018-12-22
49.5555733,-25.0766017,2018-12-22
49.5561817,-25.0749967,2018-12-22
49.5507667,-25.0785517,2018-12-22
49.5475383,-25.0762667,2018-12-22
49.5408783,-25.073745,2018-12-22
49.5348967,-25.0733517,2018-12-22
49.5323933,-25.07422,2018-12-22
49.531165,-25.0735367,2018-12-22
49.5262483,-25.072465,2018-12-22
49.530555,-25.0773033,2018-12-22
49.5193917,-25.07985,2018-12-22
49.51335,-25.083505,2018-12-22
49.50941,-25.08835,2018-12-23
49.5077517,-25.0889317,2018-12-23
49.5008633,-25.0880767,2018-12-23
49.493445,-25.0909783,2018-12-23
49.4796233,-25.0972467,2018-12-23
49.491475,-25.0959517,2018-12-23
49.4932133,-25.1023067,2018-12-23
49.4884483,-25.110265,2018-12-23
49.4870733,-25.1089617,2018-12-23
49.4859683,-25.1097983,2018-12-23
49.4839183,-25.1050983,2018-12-23
49.4778883,-25.11623,2018-12-23
49.4705417,-25.121295,2018-12-23
49.4844967,-25.110745,2018-12-23
49.504295,-25.0680167,2018-12-23
49.4603483,-25.01968,2018-12-23
49.4229317,-24.98737,2018-12-23
49.4228433,-24.9927967,2018-12-23
49.420645,-24.9978533,2018-12-23
49.38535,-24.9708933,2018-12-23
49.38168,-24.9657733,2018-12-23
49.37758,-24.9621733,2018-12-23
49.3579133,-24.9681417,2018-12-23
49.3391483,-24.98644,2018-12-23
49.3133967,-24.9969633,2018-12-23
49.2964917,-25.01707,2018-12-23
49.2789133,-25.0381817,2018-12-23
49.24736,-25.050555,2018-12-23
49.2421417,-25.0633033,2018-12-23
49.2455217,-25.05815,2018-12-23
49.2491467,-25.0585667,2018-12-23
49.2556333,-25.072415,2018-12-23
49.2433167,-25.09616,2018-12-23
49.2491867,-25.12037,2018-12-23
49.2378117,-25.129285,2018-12-23
49.2372317,-25.1278583,2018-12-23
49.2436367,-25.11474,2018-12-23
49.24347,-25.1231867,2018-12-23
49.2395833,-25.12674,2018-12-23
49.2413117,-25.1290983,2018-12-23
49.2647617,-25.1131133,2018-12-23
49.2831817,-25.1094983,2018-12-23
49.302025,-25.114015,2018-12-23
49.3236717,-25.1067183,2018-12-23
49.3436217,-25.1104617,2018-12-23
49.3707233,-25.110575,2018-12-23
49.3707817,-25.11126,2018-12-23
49.3709833,-25.1106,2018-12-23
49.37117,-25.1105117,2018-12-23
49.3737467,-25.1087983,2018-12-23
49.37453,-25.108805,2018-12-23
49.3752267,-25.1088383,2018-12-23
49.3761317,-25.1089783,2018-12-23
49.387,-25.1169517,2018-12-23
49.38788,-25.11661,2018-12-23
49.38882,-25.1156267,2018-12-23
49.3888667,-25.11522,2018-12-23
49.485835,-25.13477,2018-12-23
49.4865067,-25.1345083,2018-12-23
49.4872317,-25.1340133,2018-12-23
49.482085,-25.1362417,2018-12-23
49.4715717,-25.1453167,2018-12-23
49.4913267,-25.1444033,2018-12-23
49.51036,-25.134815,2018-12-23
49.5150233,-25.129715,2018-12-23
49.51693,-25.1293183,2018-12-23
49.522395,-25.1315,2018-12-23
49.509275,-25.1270567,2018-12-23
49.5105067,-25.1259383,2018-12-23
49.5117933,-25.1247517,2018-12-23
49.5132867,-25.1237017,2018-12-23
49.5149183,-25.12248,2018-12-23
49.5183767,-25.1042183,2018-12-23
49.52115,-25.1032433,2018-12-23
49.53023,-25.0897933,2018-12-23
49.534295,-25.0695683,2018-12-23
49.527045,-25.056005,2018-12-23
49.53308,-25.0484583,2018-12-23
49.5303583,-25.0399067,2018-12-23
49.5338483,-25.0376133,2018-12-23
49.5314017,-25.0388283,2018-12-23
49.53864,-25.04089,2018-12-23
49.544955,-25.0460317,2018-12-23
49.5484117,-25.054575,2018-12-23
49.5551383,-25.057425,2018-12-23
49.5601333,-25.0494,2018-12-23
49.5750967,-25.04701,2018-12-23
49.5899,-25.0354317,2018-12-23
49.605705,-25.0217117,2018-12-23
49.619735,-25.0078967,2018-12-23
49.6298233,-25.0017517,2018-12-23
49.64029,-24.99213,2018-12-23
49.6508,-24.9736617,2018-12-23
49.66216,-24.9652783,2018-12-23
49.664115,-24.9617717,2018-12-23
49.67401,-24.9581283,2018-12-23
49.6733517,-24.9504683,2018-12-23
49.67403,-24.9495283,2018-12-23
49.6691183,-24.9528633,2018-12-23
49.6610183,-24.9532717,2018-12-23
49.6579733,-24.943285,2018-12-23
49.6651983,-24.9370233,2018-12-23
49.6727717,-24.9303367,2018-12-23
49.6805083,-24.93741,2018-12-23
49.6867083,-24.9364917,2018-12-23
49.6818783,-24.9362583,2018-12-23
49.6689333,-24.9401917,2018-12-23
49.6695517,-24.9288483,2018-12-23
49.6747183,-24.9382867,2018-12-23
49.679735,-24.9358167,2018-12-23
49.6891733,-24.9342933,2018-12-23
49.69883,-24.9397167,2018-12-23
49.6999983,-24.941815,2018-12-23
49.7033633,-24.94096,2018-12-23
49.7109667,-24.9435617,2018-12-23
49.6989217,-24.9512267,2018-12-23
49.69371,-24.9513267,2018-12-23
49.68915,-24.9537983,2018-12-23
49.6732483,-24.95771,2018-12-23
49.661245,-24.9655117,2018-12-23
49.6633383,-24.9745,2018-12-24
49.656245,-24.97789,2018-12-24
49.6758117,-24.9834717,2018-12-24
49.6863967,-25.000105,2018-12-24
49.7088867,-25.014595,2018-12-24
49.71487,-25.030955,2018-12-24
49.7188317,-25.04451,2018-12-24
49.7288733,-25.046395,2018-12-24
49.7308817,-25.048165,2018-12-24
49.719025,-25.042335,2018-12-24
49.7224633,-25.0420683,2018-12-24
49.6282167,-25.057005,2018-12-24
49.5963483,-25.07957,2018-12-24
49.574105,-25.0951133,2018-12-24
49.5702883,-25.1132817,2018-12-24
49.571645,-25.1428283,2018-12-24
49.6003233,-25.1549383,2018-12-24
49.6275283,-25.1708583,2018-12-24
49.6755717,-25.1596933,2018-12-24
49.68449,-25.16877,2018-12-24
49.6755067,-25.1691867,2018-12-24
49.6751383,-25.168265,2018-12-24
49.670725,-25.17608,2018-12-24
49.6952,-25.1864617,2018-12-24
49.7132417,-25.188405,2018-12-24
49.7416917,-25.1564,2018-12-24
49.8681583,-25.0816417,2018-12-24
49.8709567,-25.0799233,2018-12-24
49.8743633,-25.0777817,2018-12-24
49.8769683,-25.07628,2018-12-24
49.8792017,-25.0748333,2018-12-24
49.889185,-25.0559917,2018-12-24
49.8927983,-25.0548233,2018-12-24
49.8948933,-25.0525,2018-12-24
49.897185,-25.0506267,2018-12-24
49.898855,-25.04852,2018-12-24
49.9012117,-25.046665,2018-12-24
49.92441,-25.0122,2018-12-24
49.9401683,-24.994835,2018-12-24
49.94275,-24.99393,2018-12-24
49.94437,-24.993235,2018-12-24
49.9461217,-24.99281,2018-12-24
49.94852,-24.991925,2018-12-24
49.9503283,-24.9910617,2018-12-24
49.952395,-24.9899817,2018-12-24
49.9541783,-24.98823,2018-12-24
49.955225,-24.98774,2018-12-24
49.956425,-24.986715,2018-12-24
49.9578583,-24.98574,2018-12-24
49.9596967,-24.9846383,2018-12-24
49.9547883,-24.9609917,2018-12-24
49.9625617,-24.9459917,2018-12-24
49.9695683,-24.9403167,2018-12-24
49.9740967,-24.935665,2018-12-24
49.98226,-24.9302817,2018-12-24
49.9985367,-24.92539,2018-12-24
49.9959767,-24.9236233,2018-12-24
50.2083317,-24.6991317,2018-12-24
50.226075,-24.6844633,2018-12-24
50.2533133,-24.6446483,2018-12-24
50.2838867,-24.6079733,2018-12-24
50.5024933,-24.5136867,2018-12-24
50.81612,-24.4167483,2018-12-24
50.85191,-24.40577,2018-12-24
50.8864433,-24.3896183,2018-12-24
50.9221133,-24.3757817,2018-12-24
50.9501617,-24.3550017,2018-12-24
50.9839767,-24.335925,2018-12-24
51.0153867,-24.3209467,2018-12-24
51.0484267,-24.3067883,2018-12-24
51.08071,-24.2908483,2018-12-24
51.1184617,-24.2777217,2018-12-24
51.1536,-24.2641383,2018-12-24
51.1893567,-24.247515,2018-12-24
51.2264933,-24.22835,2018-12-24
51.261095,-24.2109883,2018-12-24
51.295905,-24.1901167,2018-12-24
51.3359683,-24.1712333,2018-12-24
51.3761133,-24.1517717,2018-12-24
51.41943,-24.1326717,2018-12-24
51.4645567,-24.1147983,2018-12-24
51.507225,-24.1019833,2018-12-24
51.5523583,-24.0832917,2018-12-24
51.592645,-24.06072,2018-12-24
51.634795,-24.0334483,2018-12-24
51.6760817,-24.007115,2018-12-24
51.718735,-23.9822667,2018-12-24
51.7244733,-23.9792717,2018-12-24
51.7302817,-23.9774383,2018-12-24
51.765365,-23.9524083,2018-12-24
51.80043,-23.9278917,2018-12-24
51.841205,-23.8998867,2018-12-24
51.88218,-23.8669867,2018-12-24
51.92544,-23.8375133,2018-12-24
51.9667833,-23.80604,2018-12-24
52.0047033,-23.7730483,2018-12-24
52.0403217,-23.7385833,2018-12-24
52.0755667,-23.703865,2018-12-24
52.11405,-23.6696867,2018-12-24
52.1559833,-23.63856,2018-12-25
52.1743283,-23.6070117,2018-12-25
52.2041833,-23.55135,2018-12-25
52.2249967,-23.5363683,2018-12-25
52.24039,-23.5225433,2018-12-25
52.2400367,-23.5194417,2018-12-25
52.2399917,-23.51595,2018-12-25
52.26737,-23.4958717,2018-12-25
52.2760217,-23.4839433,2018-12-25
52.27632,-23.48124,2018-12-25
52.27532,-23.4774733,2018-12-25
52.2918733,-23.467125,2018-12-25
52.31668,-23.4509983,2018-12-25
52.3087267,-23.4441217,2018-12-25
52.3064833,-23.4377967,2018-12-25
52.304565,-23.435025,2018-12-25
52.31626,-23.4237783,2018-12-25
52.3158233,-23.4152317,2018-12-25
52.3185667,-23.405405,2018-12-25
52.3308933,-23.4037867,2018-12-25
52.3435717,-23.386865,2018-12-25
52.3460917,-23.3714483,2018-12-25
52.3447,-23.3697817,2018-12-25
52.3434767,-23.36826,2018-12-25
52.342205,-23.366325,2018-12-25
52.3394583,-23.3615017,2018-12-25
52.3364967,-23.35904,2018-12-25
52.3488517,-23.349805,2018-12-25
52.3508483,-23.3512117,2018-12-25
52.3667633,-23.348915,2018-12-25
52.393525,-23.316435,2018-12-25
52.4044167,-23.3057967,2018-12-25
52.4410417,-23.3075917,2018-12-25
52.4506583,-23.3177733,2018-12-25
52.4491567,-23.3370417,2018-12-25
52.4953683,-23.3247383,2018-12-25
52.547425,-23.3129967,2018-12-25
52.5944517,-23.2864167,2018-12-25
52.6366567,-23.28263,2018-12-25
52.6843317,-23.25567,2018-12-25
52.7334567,-23.22329,2018-12-25
52.7764717,-23.1889183,2018-12-25
52.7803417,-23.1763917,2018-12-25
52.79808,-23.177325,2018-12-25
52.79869,-23.174605,2018-12-25
52.8133467,-23.1632217,2018-12-25
52.8126917,-23.1605267,2018-12-25
52.8118967,-23.15864,2018-12-25
52.8124133,-23.1561733,2018-12-25
52.8110483,-23.1535617,2018-12-25
52.8095217,-23.1517033,2018-12-25
52.8155083,-23.1490217,2018-12-25
52.814325,-23.1466667,2018-12-25
52.8209567,-23.145565,2018-12-25
52.83333,-23.1398167,2018-12-25
52.8324333,-23.1377,2018-12-25
52.8314567,-23.1352233,2018-12-25
52.8298667,-23.1325767,2018-12-25
52.828205,-23.130165,2018-12-25
52.827395,-23.127585,2018-12-25
52.826185,-23.1254767,2018-12-25
52.8246933,-23.1236,2018-12-25
52.8225017,-23.1224517,2018-12-25
52.82855,-23.1144717,2018-12-25
52.8271733,-23.11267,2018-12-25
52.825695,-23.1108833,2018-12-25
52.8237183,-23.1096483,2018-12-25
52.8224417,-23.108135,2018-12-25
52.83592,-23.092325,2018-12-25
52.8719383,-23.0516183,2018-12-25
52.90815,-23.00878,2018-12-25
52.939255,-22.9733483,2018-12-25
52.9724867,-22.9433183,2018-12-25
53.0008,-22.9148917,2018-12-25
52.9990517,-22.9122583,2018-12-25
52.99745,-22.90943,2018-12-25
52.995675,-22.9067583,2018-12-25
52.9939217,-22.9039683,2018-12-25
52.99233,-22.9014767,2018-12-25
52.9903683,-22.8989333,2018-12-25
52.9885433,-22.8961783,2018-12-25
52.98639,-22.8933933,2018-12-25
52.9845567,-22.8907717,2018-12-25
52.9826483,-22.8880033,2018-12-25
53.29682,-22.5937633,2018-12-25
53.32787,-22.56537,2018-12-25
53.36232,-22.5351167,2018-12-25
53.39759,-22.5016217,2018-12-25
53.4306283,-22.4731367,2018-12-25
53.4628483,-22.4409433,2018-12-25
53.4986083,-22.41082,2018-12-25
53.5359933,-22.3754567,2018-12-25
53.5706167,-22.34334,2018-12-25
53.6064133,-22.3128117,2018-12-25
53.6450317,-22.2823767,2018-12-25
53.6874617,-22.2527517,2018-12-25
53.7247333,-22.22067,2018-12-25
53.76664,-22.19491,2018-12-25
53.805095,-22.1684283,2018-12-25
53.8435133,-22.14096,2018-12-25
53.8781167,-22.1173983,2018-12-25
53.9080717,-22.086015,2018-12-25
53.9469833,-22.0538817,2018-12-25
53.983225,-22.0272033,2018-12-25
54.017145,-21.997655,2018-12-26
54.0547167,-21.972115,2018-12-26
54.0883083,-21.9461433,2018-12-26
54.1249183,-21.92483,2018-12-26
54.1527533,-21.8980583,2018-12-26
54.1826383,-21.87199,2018-12-26
54.21574,-21.8462033,2018-12-26
54.2468533,-21.8196733,2018-12-26
54.258485,-21.811425,2018-12-26
54.2590283,-21.8113483,2018-12-26
54.2598433,-21.81191,2018-12-26
54.2957267,-21.7935267,2018-12-26
54.332,-21.7721033,2018-12-26
54.3703967,-21.7521367,2018-12-26
54.4262833,-21.7399517,2018-12-26
54.4264267,-21.74074,2018-12-26
54.427005,-21.7416783,2018-12-26
54.4274983,-21.74236,2018-12-26
54.427315,-21.74255,2018-12-26
54.4282617,-21.7437,2018-12-26
54.4285417,-21.74461,2018-12-26
54.431425,-21.742605,2018-12-26
54.465675,-21.7194967,2018-12-26
54.49332,-21.7068117,2018-12-26
54.5405317,-21.6822733,2018-12-26
54.5853217,-21.6539233,2018-12-26
54.62991,-21.62706,2018-12-26
54.671745,-21.6012833,2018-12-26
54.7124967,-21.5833467,2018-12-26
54.7290917,-21.5770117,2018-12-26
54.772615,-21.5474267,2018-12-26
54.81847,-21.5246667,2018-12-26
54.8418867,-21.51448,2018-12-26
54.84343,-21.5171883,2018-12-26
54.8786633,-21.5011567,2018-12-26
54.92721,-21.4781717,2018-12-26
54.979,-21.4516267,2018-12-26
55.0379917,-21.4325267,2018-12-26
55.0932567,-21.4079817,2018-12-26
55.131985,-21.3879833,2018-12-26
55.1322233,-21.3901517,2018-12-26
55.13232,-21.3918783,2018-12-26
55.132715,-21.3940983,2018-12-26
55.1330517,-21.396285,2018-12-26
55.133505,-21.39798,2018-12-26
55.134455,-21.4002867,2018-12-26
55.1351033,-21.4024633,2018-12-26
55.1358483,-21.4036917,2018-12-26
55.135935,-21.4055917,2018-12-26
55.13671,-21.406995,2018-12-26
55.138035,-21.4087667,2018-12-26
55.1385217,-21.4100333,2018-12-26
55.1389067,-21.4109133,2018-12-26
55.1395183,-21.4120633,2018-12-26
55.140235,-21.4127767,2018-12-26
55.142835,-21.409015,2018-12-26
55.176815,-21.3960333,2018-12-26
55.18261,-21.3934917,2018-12-26
55.1891383,-21.3938533,2018-12-26
55.1929083,-21.3940333,2018-12-26
55.1941417,-21.3936167,2018-12-26
55.27859,-21.3698917,2018-12-26
55.3115367,-21.35571,2018-12-26
55.3601817,-21.352765,2018-12-26
55.3658267,-21.355815,2018-12-26
55.3645317,-21.3550283,2018-12-26
55.3922217,-21.3484667,2018-12-26
55.3911533,-21.3474217,2018-12-26
55.4270483,-21.356105,2018-12-26
55.43916,-21.3589283,2018-12-26
55.4490617,-21.3567517,2018-12-26
55.4622933,-21.361755,2018-12-26
55.4896017,-21.3671617,2018-12-26
55.5094933,-21.3755933,2018-12-26
55.5339333,-21.3813283,2018-12-26
55.5478683,-21.383345,2018-12-26
55.54997,-21.374955,2018-12-26
